Model,Price,Resolution(cm),Manufacturer,Review Stars
"Acer HA0 60.45 cm (23.8 inch) Full HD LED Backlit IPS Panel with EcoDisplay, Mercury Free, Flicker Fre...","₹7,498",60.45,Acer HA0,4.4
Frontech Ultima Series 60.96 cm (24 inch) Full HD LED Backlit IPS Panel Monitor (MON-0062-White),"₹6,433",60.96,Frontech Ultima Series,4.1
MarQ by Flipkart 60.96 cm (24 inch) Full HD IPS Panel Inbuilt Speakers Monitor (24FHDMEQNNXO),"₹7,199",60.96,MarQ by Flipkart,4.3
"DELL 55.88 cm (22 inch) Full HD LED Backlit VA Panel with 5-Years warranty, Brightness 250 cd/m�, Cont...","₹6,599",55.88,DELL,4.3
Frontech - 55.88 cm (22 inch) HD LED Backlit VA Panel Monitor (MON-0060),"₹3,839",55.88,Frontech -,3.7
"SAMSUNG 68.58 cm (27 inch) Curved Full HD LED Backlit VA Panel with HDMI, Audio Ports, 1800R,Flicker F...","₹11,199",68.58,SAMSUNG,4.4
"LG 54.48 cm (21.45 inch) Full HD VA Panel with 3-Side Borderless Display,Tilt-able Stand, Black Stabil...","₹5,999",54.48,LG,4.2
Frontech Ultima Series 81.28 cm (32 inch) Full HD LED Backlit VA Panel Monitor (MON-0081),"₹11,149",81.28,Frontech Ultima Series,No Rating
MarQ by Flipkart 55.88 cm (22 inch) Full HD LED Backlit IPS Panel Monitor (22FHDMEQNNXO),"₹5,999",55.88,MarQ by Flipkart,4
MarQ by Flipkart 81.28 cm (32 inch) Full HD LED Backlit IPS Panel Monitor (32FHDMMQNN2B),"₹10,899",81.28,MarQ by Flipkart,4.3
"MSI 54.61 cm (21.5 inch) Full HD VA Panel with Eye-Friendly Screen, Anti-glare, VESA Mountable, Displa...","₹5,699",54.61,MSI,4.3
"ZEBRONICS 55.88 cm (22 inch) HD+ LED Backlit VA Panel with Dual Input HDMI & VGA, 16:10 Aspect ratio, ...","₹3,999",55.88,ZEBRONICS,3.6
"Lenovo 63.5 cm (25 inch) Full HD VA Panel 99% sRGB, 90% DCI-P3, 2x3W Inbuilt Speakers, 2xHDMI 2.1, 1xD...","₹13,099",63.5,Lenovo,4
"HP 68.58 cm (27 inch) Full HD IPS Panel with 99% sRGB, Eyesafe certified Monitor (M27fw)","₹11,999",68.58,HP,4.2
Frontech - 46.99 cm (18.5 inch) HD LED Backlit VA Panel Monitor (MON-0061),"₹2,743",46.99,Frontech -,3.8
"Acer 68.58 cm (27 inch) WQHD LED Backlit IPS Panel with HDR10, 2X1W Inbuilt Speakers, Flicker , Blue L...","₹12,743",68.58,Acer,4.4
"DELL S Series 68.58 cm (27 inch) Full HD IPS Panel with 5-Years warranty, 99% sRGB, Low Blue Light tec...","₹12,699",68.58,DELL S Series,4.4
Frontech Ultima Series 60.96 cm (24 inch) Curved Full HD LED Backlit VA Panel Monitor (MON-0072C),"₹6,599",60.96,Frontech Ultima Series,3.8
Acer 54.61 cm (21.5 inch) Full HD LED Backlit IPS Panel Monitor (SA222Q),"₹7,990",54.61,Acer,3.7
"LG UltraGear 68.58 cm (27 inch) Full HD IPS Panel with HDR10, AMD Freesync Premium, Tilt/Height/Pivot ...","₹15,999",68.58,LG UltraGear,4.4
"Acer NITRO 68.58 cm (27 inch) Curved Full HD LED Backlit VA Panel with HDR10 Support, Vision Care, Dis...","₹12,699",68.58,Acer NITRO,4.4
Frontech - 43.18 cm (17 inch) HD LED Backlit VA Panel Monitor (MON-0065),"₹2,469",43.18,Frontech -,3.8
"Acer SA0 60.45 cm (23.8 inch) Full HD LED Backlit IPS Panel with VGA, HDMI, EcoDisplay, Mercury Free, ...","₹7,209",60.45,Acer SA0,3.9
"LG 108.0 cm (42.5197 inch) 4K Ultra HD IPS Panel with WebOS, Smart Monitor (43SQ700S-WB.ATRLMSN)","₹33,999",108.0,LG,4.4
"DELL S Series 60.96 cm (24 inch) Full HD IPS Panel with 3-Years warranty, 99% sRGB, Low Blue Light tec...","₹9,599",60.96,DELL S Series,4.5
"LG UltraGear 60.96 cm (24 inch) Full HD IPS Panel with HDR10, NVIDIA G-SYNC Comaptible, Tilt-able Stan...","₹11,499",60.96,LG UltraGear,4.3
"ZEBRONICS 81.28 cm (32 inch) Curved Full HD VA Panel 80 cm, Wall Mountable, Slim Gaming Monitor (ZEB-A...","₹15,999",81.28,ZEBRONICS,4.1
SAMSUNG 68.58 cm (27 inch) Full HD LED Backlit IPS Panel Frameless Monitor (LS27C310EAWXXL),"₹10,299",68.58,SAMSUNG,4.4
"BenQ GW2490T 60.96 cm (24 inch) Full HD LED Backlit IPS Panel with 99% sRGB, Height Adjustable, Eye-ca...","₹10,750",60.96,BenQ GW2490T,4.5
Frontech 39.12 cm (15.4 inch) HD LED Backlit VA Panel Monitor (MON-0068),"₹2,470",39.12,Frontech,3.7
LG 54.61 cm (21.5 inch) Full HD IPS Panel Ultra Thin Monitor (22MK600M),"₹7,249",54.61,LG,4.4
"realme 60.45 cm (23.8 inch) Full HD LED Backlit VA Panel with USB Type-C Port, Bezel-Less Panel, Anti-...","₹8,499",60.45,realme,4.1
LG QHD Monitor 60.96 cm (24 inch) Quad HD LED Backlit IPS Panel Monitor (24QP550-BB.ATRDMSN),"₹14,799",60.96,LG QHD Monitor,4.6
Lenovo 60.45 cm (23.8 inch) Full HD VA Panel 3-Side Near Edgeless with TUV Eye Care Monitor (D24-20/D2...,"₹6,699",60.45,Lenovo,4.3
Frontech Ultima Series 55.88 cm (22 inch) Curved Full HD LED Backlit VA Panel Monitor (MON-0079C),"₹5,899",55.88,Frontech Ultima Series,No Rating
"LG 68.58 cm (27 inch) Full HD IPS Panel with webOS, Apple AirPlay 2,HomeKit compatibility, 5Wx2 speake...","₹16,499",68.58,LG,4.2
MarQ by Flipkart 68.58 cm (27 inch) Full HD LED Backlit VA Panel Monitor (27FHDMMQTT9B),"₹7,499",68.58,MarQ by Flipkart,4.2
"LG 60.45 cm (23.8 inch) Full HD IPS Panel with 3-Side Borderless Display,Tilt-able Stand, Black Stabil...","₹7,999",60.45,LG,4.3
"SAMSUNG Odyssey G3 60.96 cm (24 inch) Full HD VA Panel with Height Adjustable Stand, Eye Saver Mode, 3...","₹11,499",60.96,SAMSUNG Odyssey G3,4.5
"LG 55.88 cm (22 inch) Full HD LED Backlit IPS Panel with HDMI, DVI,VGA, Audio-IN Ports, Monitor (22MP6...","₹7,999",55.88,LG,4.5
"SAMSUNG M5 68.58 cm (27 inch) Full HD VA Panel with embedded TV Apps, PC-less productivity with Samsun...","₹16,099",68.58,SAMSUNG M5,4.3
"BenQ MOBIUZ 60.96 cm (24 inch) Full HD LED Backlit IPS Panel Bezel-Less HDR with Height Adjust, 99% sR...","₹15,990",60.96,BenQ MOBIUZ,4.6
"LG Ultra-Wide 86.36 cm (34 Inches) Full HD LED Backlit IPS Panel with OnScreen Control, HDR 10, Reader...","₹24,099",N/A,N/A,4.5
"DELL P-series 68.58 cm (27 inch) Full HD LED Backlit IPS Panel with 3-Years warranty, Low Blue Light t...","₹14,299",68.58,DELL P-series,4.4
"LG 81.28 cm (32 inch) Full HD LED Backlit IPS Panel with Motion Blur Reduction, OnScreen Control, Read...","₹13,499",81.28,LG,4.3
"LG UltraGear 68.58 cm (27 inch) Quad HD IPS Panel with HDR10, AMD Free Sync Premium Compatible, 3-side...","₹23,899",68.58,LG UltraGear,4.5
Frontech Ultima Series 55.88 cm (22 inch) Full HD LED Backlit VA Panel Monitor (MON-0079),"₹5,629",55.88,Frontech Ultima Series,4.1
"Acer 60.45 cm (23.8 inch) Full HD LED Backlit IPS Panel with Blue Light Shield, Low Dimming, Comfy Vie...","₹7,949",60.45,Acer,4.3
"LG 68.58 cm (27 inch) Full HD IPS Panel with 3-Side Borderless Display,Tilt-able Stand, Black Stabiliz...","₹10,299",68.58,LG,4.3
SAMSUNG 55.88 cm (22 inch) Full HD VA Panel Monitor (LS22A334NHWXXL),"₹5,999",55.88,SAMSUNG,4.3
Acer 80.01 cm (31.5 inch) Curved Full HD LED Backlit VA Panel Gaming Monitor (ED320QR),"₹15,919",80.01,Acer,4.5
"LG 73.66 cm (29 inch) WFHD LED Backlit IPS Panel with HDR 10, Black Stabilizer, Dynamic Action Sync, D...","₹15,799",73.66,LG,4.4
"DELL 49.53 cm (19.5 inch) HD with Contrast Ratio 600:1/600:1(Dynamic), 16.7 Million Colours, Colour Ga...","₹5,799",49.53,DELL,4.3
"Lenovo L-Series 55.88 cm (22 inch) Full HD LED Backlit IPS Panel with 99% sRGB, HDMI 1.4, VGA, 2X3W Sp...","₹7,599",55.88,Lenovo L-Series,4.5
Elista 48.26 cm (19 inch) HD LED Backlit VA Panel Monitor (ELS-V19HD Pro LED),"₹2,799",48.26,Elista,3.6
"LG Ultra-Gear 80.01 cm (31.5 inch) Quad HD LED Backlit VA Panel with HDR10,Black Stabilizer, 3-Side Vi...","₹21,499",80.01,LG Ultra-Gear,4.5
"Acer XV2 68.58 cm (27 inch) WQHD LED Backlit IPS Panel with DCI-P3 95%, VESA DisplayHDR 400, Display W...","₹17,399",68.58,Acer XV2,4.1
"DELL 46.99 cm (18.5 inch) HD LED Backlit TN Panel with 3-Years Warranty, Brightness 200 cd/m�, Contras...","₹5,799",46.99,DELL,4.3
"Lenovo 60.96 cm (24 inch) Full HD VA Panel with 300 nits brightness, 95% sRGB Gaming Monitor (G24e-20)","₹7,999",60.96,Lenovo,4.3
GIGABYTE 60.45 cm (23.8 inch) Full HD Gaming Monitor (G24F-2),"₹13,300",60.45,GIGABYTE,4.1
LG 19M 46.99 cm (18.5 inches) HD LED Backlit TN Panel Monitor (19M38AB),"₹5,345",N/A,N/A,4.3
"SAMSUNG 68.58 cm (27 inch) Full HD IPS Panel Flicker-Free, HDMI, Display Port, Bezel-less Design Flat ...","₹11,699",68.58,SAMSUNG,4.3
LG 60.96 cm (24 inch) Full HD LED Backlit IPS Panel White Colour Monitor (24MK600M),"₹8,199",60.96,LG,4.4
Frontech Ultima Series DUAL PORTS HDMI & VGA 60.96 cm (24 inch) Full HD LED Backlit VA Panel Monitor (...,"₹6,969",60.96,Frontech Ultima Series DUAL PORTS HDMI & VGA,No Rating
"LG 60.96 cm (24 inch) Full HD LED Backlit IPS Panel with HDMI, DVI,VGA, Audio-IN Ports Gaming Monitor ...","₹7,699",60.96,LG,4.4
Lenovo G Series 60.45 cm (23.8 inch) Full HD LED Backlit IPS Panel Gaming Monitor (G24-20),"₹11,699",60.45,Lenovo G Series,4.5
Frontech - 55.88 cm (22 inch) HD LED Backlit VA Panel Monitor (MON-0058),"₹3,979",55.88,Frontech -,3.8
"Lenovo L-Series 60.96 cm (24 inch) Full HD LED Backlit VA Panel with 72% NTSC, HDMI 1.4, VGA, Tilt Sta...","₹8,599",60.96,Lenovo L-Series,4.5
LG ULTRAWIDE SERIES 73.66 cm (29 inch) WFHD LED Backlit IPS Panel Gaming Monitor (29WQ600),"₹18,299",73.66,LG ULTRAWIDE SERIES,4.2
Lenovo 54.61 cm (21.5 inch) Full HD VA Panel Monitor (L22e-40),"₹6,449",54.61,Lenovo,4.5
Frontech Ultima Series 62.23 cm (24.5 inch) Full HD LED Backlit IPS Panel Monitor (MON-0087),"₹6,899",62.23,Frontech Ultima Series,4
"Lenovo L-Series 68.58 cm (27 inch) Full HD LED Backlit IPS Panel with 99% sRGB, 2XHDMI 1.4, VGA, 2X3W ...","₹12,349",68.58,Lenovo L-Series,4.5
Acer Nitro 74.93 cm (29.5 inch) Curved WFHD LED Backlit VA Panel Gaming Monitor (XZ306CX),"₹22,999",74.93,Acer Nitro,4.7
"SAMSUNG M5 174.24 cm (68.6 cm) Full HD VA Panel with Mouse & Keyboard Control, OTT Apps, IoT Hub, Offi...","₹16,499",N/A,N/A,4.5
DELL P-SERIES (2024 model) 60.96 cm (24 inch) Full HD LED Backlit IPS Panel Monitor (P2425HE USB-C Hub...,"₹18,550",60.96,DELL P-SERIES (2024 model),4.8
"Lenovo L-Series 60.96 cm (24 inch) Full HD LED Backlit IPS Panel with 99% sRGB, HDMI, Tilt Stand, 2x3W...","₹8,999",60.96,Lenovo L-Series,4.4
"MSI 60.45 cm (23.8 inch) Full HD VA Panel with Eye Friendly Technology, Anti-Flicker, Less Blue Light,...","₹7,999",60.45,MSI,4.3
"BenQ GW2790T 68.58 cm (27 inch) Full HD LED Backlit IPS Panel with 99% sRGB, Height Adjustable, Eye-ca...","₹13,990",68.58,BenQ GW2790T,4.5
"Acer NITRO 68.58 cm (27 inch) Full HD LED Backlit IPS Panel Gaming Monitor (Nitro VG270 M3,SRGB 99%,HD...","₹12,990",68.58,Acer NITRO,4.7
Frontech 48.26 cm (19 inch) HD LED Backlit Monitor (MON-0071),"₹2,750",48.26,Frontech,3.9
LG M39 49.53 cm (19.5 inch) HD LED Backlit TN Panel Wall Mountable Monitor (20M39A),"₹5,399",49.53,LG M39,4.2
"HP Series 5 68.58 cm (27 inch) Full HD LED Backlit IPS Panel with On-screen controls, Anti-glare, 300 ...","₹13,399",68.58,HP Series 5,4.7
"SAMSUNG Odyssey G5 68.58 cm (27 inch) UWQHD VA Panel with HDR10, Height Adjustable Stand, Flat Gaming ...","₹20,499",68.58,SAMSUNG Odyssey G5,4.4
Frontech - 55.88 cm (22 inch) HD LED Backlit VA Panel Monitor (MON-0070),"₹3,599",55.88,Frontech -,3.9
"Acer 68.58 cm (27 inch) Full HD LED Backlit IPS Panel with Comfy View, Vision Care, 2X2W Inbuilt Speak...","₹10,590",68.58,Acer,4.3
"BenQ GW 55.88 cm (22 inch) Full HD LED Backlit IPS Panel Bezel-Less, Eye Care, Anti-Glare, Low Blue Li...","₹7,250",55.88,BenQ GW,4.4
"DELL 68.58 cm (27 inch) Full HD IPS Panel Anti-Glare With 3H Hardness, Gray-To-Gray (Fast mode), Ports...","₹15,099",68.58,DELL,3.8
Lenovo 68.58 cm (27 inch) Full HD VA Panel with TUV Eye Care Monitor (D27-40/D27-30),"₹8,699",68.58,Lenovo,4.3
ZEBRONICS 60.96 cm (24 inch) Full HD VA Panel Wall Mountable Monitor (ZEB-A24FHD LED),"₹6,999",60.96,ZEBRONICS,4
"BenQ GW 68.58 cm (27 inch) Quad HD LED Backlit IPS Panel Height Adjustable, 99% Srgb, Eye Safe Certifi...","₹25,490",68.58,BenQ GW,4.5
"LG 60.96 cm (24 inch) Full HD LED Backlit IPS Panel Gaming Monitor ((24ML600S-W) Inbuilt Speaker, HDMI...","₹9,949",60.96,LG,4.3
"ZEBRONICS 68.58 cm (27 inch) Curved Full HD VA Panel with HDR10, DP, HDMI, 16.7 Million Colors, Inbuil...","₹14,999",68.58,ZEBRONICS,4.4
"Acer Nitro 74.93 cm (29.5 inch) Curved WFHD VA Panel with ErgoStand, VESA DisplayHDR 400, 1500R Curvat...","₹21,299",74.93,Acer Nitro,4.4
"ViewSonic 68.58 cm (27 Inch) Full HD LED Backlit IPS Panel with 2X2W Inbuilt Speakers, HDMI, VGA, Wall...","₹9,999",N/A,N/A,4.4
"ViewSonic VA 60.45 cm (23.8 inch) Full HD LED Backlit IPS Panel with 2X2W Inbuilt Speakers, HDMI, VGA,...","₹7,699",60.45,ViewSonic VA,4.4
"SAMSUNG M5 81.28 cm (32 inch) Full HD VA Panel with Mouse & Keyboard Control, OTT Apps, IoT Hub, Offic...","₹20,799",81.28,SAMSUNG M5,4.5
"SAMSUNG Odyssey G3 68.58 cm (27 inch) Full HD VA Panel with Height Adjustable Stand, 3-Sided Borderles...","₹15,199",68.58,SAMSUNG Odyssey G3,4.5
Enter 39.12 cm (15.4 inch) HD LED Backlit Monitor (E-MO-A06),"₹2,499",39.12,Enter,3.7
"BenQ EW 71.12 cm (28 Inch) UHD LED Backlit IPS Panel Premium HDR10 Bezel-Less with Remote Control, Pre...","₹29,490",N/A,N/A,4.7
MarQ by Flipkart 60.96 cm (24 inch) Full HD LED Backlit VA Panel Monitor (24FHDMMQTT9B),"₹6,399",60.96,MarQ by Flipkart,4.2
"ViewSonic VA Series 86.36 cm (34 inch) WQHD LED Backlit IPS Panel Frameless, Ultra-wide display, Heigh...","₹31,999",86.36,ViewSonic VA Series,4.8
"Enter 50.8 cm (20 inch) Full HD PLS Panel Monitor (A09 50.8 cm with 1600 x 900 Resolution, Black Monit...","₹2,999",50.8,Enter,No Rating
Frontech - 46.99 cm (18.5 inch) HD LED Backlit VA Panel Monitor (MON-0006),"₹2,899",46.99,Frontech -,3.7
"MSI 59.94 cm (23.6 inch) Curved Full HD VA Panel with Wide Color Gamut, Anti-Flicker, Less Blue Light ...","₹11,999",59.94,MSI,3.9
"ViewSonic 68.58 cm (27 inch) Full HD IPS Panel with HDR10, 104 sRGB, Eye Care, Wall Mount, Tilt, 2 x H...","₹11,990",68.58,ViewSonic,4.5
"ZEBRONICS 60.96 cm (24 inch) Full HD IPS Panel with 280 Nits Brightness, Built-in Speakers, HDR10, 99%...","₹9,999",60.96,ZEBRONICS,No Rating
"ViewSonic 81.28 cm (32 Inch) Full HD LED Backlit IPS Panel with HDR10, sRGB 104% , HDMI, DP, Dual Spea...","₹16,499",N/A,N/A,4.1
MarQ by Flipkart 81.28 cm (32 inch) Curved Full HD LED Backlit VA Panel with 2 X 3W Inbuilt Speakers G...,"₹12,499",81.28,MarQ by Flipkart,4.3
"SAMSUNG 60.96 cm (24 Inch) Quad HD IPS Panel with Height Adjustable Stand, Inbuilt Speakers Monitor (L...","₹16,999",N/A,N/A,4
Enter 43.18 cm (17 inch) HD Monitor (17.1 inch HD LED Backlit Monitor (E-M0-A02) (Response Time: 4 ms)...,"₹2,399",43.18,Enter,4.2
ViewSonic 60.45 cm (23.8 inch) Full HD LED Backlit IPS Panel High viewing Angle Monitor (VA2418-SH),"₹6,999",60.45,ViewSonic,4.4
"LAPCARE 50.8 cm (20 inch) HD LED Backlit TN Panel with VGA & HDMI Port, Light Weight, Power Saver, Wal...","₹3,899",50.8,LAPCARE,3.8
"ViewSonic 80.01 cm (31.5 inch) Quad HD IPS Panel with HDR10, 137 sRGB, Eye Care, Wall Mount, Tilt, 2 x...","₹23,499",80.01,ViewSonic,No Rating
DELL Gaming 68.58 cm (27 inch) Curved Full HD LED Backlit VA Panel Ultra Slim Bezel Gaming Monitor (S2...,"₹25,999",68.58,DELL Gaming,4.8
"SAMSUNG M5 68.58 cm (27 inch) Full HD VA Panel with Mouse & Keyboard Control, OTT Apps, IoT Hub, Offic...","₹17,099",68.58,SAMSUNG M5,4.5
"Lenovo D-Series 49.53 cm (19.5 Inch) Full HD TN Panel with Fully Adjustable Tilt Stand, Seamless Conne...","₹5,299",N/A,N/A,4.2
"DELL AW-Series 86.36 cm (34 inch) Curved WQHD OLED Panel with HDMI, 2 xDP Port 1.4, 5 xSuperSpeed USB ...","₹1,11,842",86.36,DELL AW-Series,No Rating
rionix zebion 55.88 cm (22 inch) HD VA Panel Monitor (22HD),"₹3,599",55.88,rionix zebion,4
ViewSonic VA2406-H 60.96 cm (24 inch) Full HD LED Backlit VA Panel Monitor (Home and Office Use Monito...,"₹7,299",60.96,ViewSonic VA2406-H,4.1
"ZEBRONICS 54.61 cm (21.5 inch) Full HD TN Panel Wall mountable, Anti-Glare display, Sleek Design Monit...","₹4,999",54.61,ZEBRONICS,4
"ZEBRONICS 49.53 cm (19.5 inch) Full HD TN Panel with Slim & Glossy Design, Anti-Glare, Wall Mountable ...","₹4,599",49.53,ZEBRONICS,4
PHILIPS 60.45 cm (23.8 inch) Full HD Monitor (241V8/94),"₹6,999",60.45,PHILIPS,4.7
"BenQ GW 80.01 cm (31.5 inch) Quad HD LED Backlit IPS Panel Height Adjustable, 99% Srgb, Eye Safe Certi...","₹31,490",80.01,BenQ GW,4.5
"LAPCARE 38.35 cm (15.1 inch) HD LED Backlit TN Panel with VGA & HDMI Port, Light Weight, Power Saver, ...","₹2,699",38.35,LAPCARE,3.7
"LG ULTRAGEAR 81.28 cm (32 inch) Quad HD LED Backlit VA Panel Gaming Monitor (165 Hz 1ms, FreeSync Prem...","₹26,400",81.28,LG ULTRAGEAR,4.7
"Lenovo D-Series 81.28 cm (32 inch) 4K Ultra HD LED Backlit VA Panel with 72% NTSC, 2XHDMI 2.0, DP 1.2,...","₹22,990",81.28,Lenovo D-Series,No Rating
Lenovo 46.99 cm (18.5 inch) Full HD TN Panel Monitor (D19-10),"₹5,058",46.99,Lenovo,4.2
ASUS TUF 68.58 cm (27 inch) WQHD IPS Panel Gaming Monitor (TUF VG27AQL1A),"₹33,499",68.58,ASUS TUF,4.5
SAMSUNG 48.26 cm (19 inch) HD VA Panel Monitor (LS19A330NHWXXL),"₹6,389",48.26,SAMSUNG,3.4
HP G5 60.45 cm (23.8 inch) Full HD VA Panel Monitor (V24v),"₹8,899",60.45,HP G5,4.6
Enter 48.26 cm (19 inch) HD TN Panel Monitor (19 inch HD LED Monitor),"₹2,799",48.26,Enter,3.9
ZEBSTER Z-GV219(48.2cm) 48.26 cm (19 inch) HD LED Backlit VA Panel Monitor (Z-GV219(48.2cm) 19 Inch),"₹3,590",48.26,ZEBSTER Z-GV219(48.2cm),No Rating
DELL 60.96 cm (24 inch) HD Monitor (E2422HS - Full HD (1920 x 1080) LED Backlit Monitor - IPS Panel - ...,"₹13,101",60.96,DELL,4.4
"Lenovo G-Series 68.58 cm (27 inch) Full HD LED Backlit VA Panel with 99% sRGB, 3WX2 Speakers, 2XHDMI 2...","₹15,599",68.58,Lenovo G-Series,3.7
FINGERS Satin 54.48 cm (21.45 inch) Full HD LED Backlit VA Panel Monitor (The Big Picture),"₹6,499",54.48,FINGERS Satin,4
DELL 60.96 cm (24 inch) Full HD IPS Panel Monitor (U2424HE),"₹21,999",60.96,DELL,No Rating
Enter 48.26 cm (19 inch) HD LED Backlit Gaming Monitor (E-M0-A01),"₹2,689",48.26,Enter,3.8
"SAMSUNG M5 81.28 cm (32 inch) Full HD LED Backlit VA Panel with embedded TV Apps, PC-less productivity...","₹19,499",81.28,SAMSUNG M5,4.3
Intex 54.61 cm (21.5 inch) HD LED Backlit VA Panel Monitor (IT-2401),"₹5,579",54.61,Intex,3.7
Acer Vero Series 68.58 cm (27 inch) Full HD LED Backlit IPS Panel with Colorful Patterned Back Mood li...,"₹11,999",68.58,Acer Vero Series,4.4
"MSI Optix 68.58 cm (27 inch) WQHD IPS Panel MSI Optix MAG274QRF-QD Esports Gaming Monitor - 27"" WQHD(2...","₹26,990",68.58,MSI Optix,4.5
BenQ GW 68.58 cm (27 inch) Full HD LED Backlit IPS Panel Ultra-Slim Bezel Monitor with Height Adjustme...,"₹17,990",68.58,BenQ GW,4.3
"LG 80.01 cm (31.5 inch) Full HD IPS Panel with webOS, Apple AirPlay 2, HomeKit compatibility, 5Wx2 spe...","₹18,999",80.01,LG,4.4
"ViewSonic VA Series 60.45 cm (23.8 inch) Full HD LED Backlit VA Panel White colour, Frameless Monitor ...","₹9,999",60.45,ViewSonic VA Series,4.1
DELL P-Series 68.58 cm (27 inch) 4K Ultra HD LED Backlit IPS Panel Monitor (P2723QE),"₹33,999",68.58,DELL P-Series,No Rating
Acer 49.53 cm (19.5 inch) HD+ LED Backlit TN Panel Monitor (K202Q),"₹6,299",49.53,Acer,No Rating
"SAMSUNG M7 81.28 cm (32 inch) 4K Ultra HD VA Panel with Mouse & Keyboard Control, OTT Apps, IoT Hub, O...","₹32,299",81.28,SAMSUNG M7,4.4
Enter HDMI and VGA LED 50.8 cm (20 inch) Full HD Monitor (20 inch),"₹3,200",50.8,Enter HDMI and VGA LED,3.6
ViewSonic 81.28 cm (32 inch) Full HD IPS Panel Monitor (VA3209-MH),"₹13,999",81.28,ViewSonic,No Rating
HP 59.94 cm (23.6 inch) Curved Full HD LED Backlit VA Panel Gaming Monitor (X24c),"₹18,172",59.94,HP,4.5
"GIGABYTE 68.58 cm (27 Inch) Quad HD LED Backlit IPS Panel with VESA Display HDR 400, 92% DCI-P3, 2560 ...","₹25,999",N/A,N/A,4.6
HP 5 Series 527SF 68.58 cm (27 inch) Full HD LED Backlit IPS Panel Ultra Slim Bezel Monitor (M27f),"₹15,500",68.58,HP 5 Series 527SF,4.2
MarQ by Flipkart 55.88 cm (22 inch) Full HD LED Backlit VA Panel with 2 X 3W Inbuilt Speakers Monitor ...,"₹5,899",55.88,MarQ by Flipkart,4.3
"DELL 81.28 cm (32 inch) 4K Ultra HD LED Backlit IPS Panel with HDMI 2.1, Mini DisplayPort 2.1, 2 x Thu...","₹1,89,899",81.28,DELL,No Rating
Lenovo 60.45 cm (23.8 Inch) Quad HD IPS Panel Monitor (L24q-35),"₹15,999",N/A,N/A,4.8
"SAMSUNG ViewFinity S7 81.28 cm (32 inch) 4K Ultra HD VA Panel with 1.07 billion colors, HDR10, Easy Se...","₹29,499",81.28,SAMSUNG ViewFinity S7,4.1
Enter 50.8 cm (20 inch) HD VA Panel Gaming Monitor (20 INCH HDMI),"₹2,999",50.8,Enter,4
Frontech Ultima Series 60.96 cm (24 inch) Full HD LED Backlit IPS Panel Monitor (MON-0075),"₹9,999",60.96,Frontech Ultima Series,No Rating
"LG Led-Monitor 54.61 cm (21.5 inch) Full HD LED Backlit VA Panel with OnScreen Control, Reader Mode, F...","₹6,449",54.61,LG Led-Monitor,4.1
"LG 68.58 cm (27 inch) Full HD IPS Panel with Vga, Hdmi, Display Port Monitor (27MP60G-BB.ATRZJSN)","₹11,299",68.58,LG,3.3
"SAMSUNG M7 81.28 cm (32 inch) 4K Ultra HD VA Panel with USB Type-C Port, Multiple Voice Assistants, em...","₹27,699",81.28,SAMSUNG M7,4.4
ZEBRONICS 68.58 cm (27 inch) Full HD LED Backlit VA Panel Wall Mountable Slim Gaming Monitor (ZEB A27F...,"₹11,999",68.58,ZEBRONICS,4
Acer Nitro 68.58 cm (27 inch) Full HD LED Backlit VA Panel Monitor (QG271),"₹11,999",68.58,Acer Nitro,4.3
Acer Predator 107.95 cm (42.5 inch) 4K Ultra HD LED Backlit IPS Panel Gaming Monitor (PREDATOR CG437K),"₹71,370",107.95,Acer Predator,3.7
Dyanora 55.88 cm (22 inch) Full HD IPS Panel Monitor (22 inch White Full HD IPS Panel Monitor (Adaptiv...,"₹5,699",55.88,Dyanora,No Rating
LG ULTRAGEAR GAMING 60.96 cm (24 inch) Full HD LED Backlit IPS Panel Gaming Monitor ((24GN65R)- 1920x1...,"₹13,709",60.96,LG ULTRAGEAR GAMING,4.4
"SAMSUNG M5 68.58 cm (27 inch) Full HD VA Panel with embedded TV Apps, PC-less productivity with Samsun...","₹18,498",68.58,SAMSUNG M5,4.3
"SAMSUNG 68.58 cm (27 inch) 4K Ultra HD LED Backlit IPS Panel with Height Adjustable Stand, HDR10, Anti...","₹28,199",68.58,SAMSUNG,4.6
LG IPS Monitor 68.58 cm (27 inch) Full HD LED Backlit IPS Panel Height adjustable Monitor (27MP450-BB....,"₹10,900",68.58,LG IPS Monitor,4.2
"ASUS ProArt 60.45 cm (23.8 inch) Full HD LED Backlit IPS Panel 1080p, 100% sRGB/Rec, Delta E Monitor (...","₹21,249",60.45,ASUS ProArt,4.5
"SAMSUNG Odyssey G6 68.58 cm (27 inch) Quad HD OLED Panel with Dynamic Cooling, Sleek Metal Design, Gla...","₹92,399",68.58,SAMSUNG Odyssey G6,5
"LG Ultra Fine Monitor 68.58 cm (27 inch) 4K Ultra HD LED Backlit IPS Panel with VESA DisplayHDR 400, E...","₹25,599",68.58,LG Ultra Fine Monitor,4.4
Trendy ENTER HDMI LED MONITOR 48.26 cm (19 inch) HD LED Backlit VA Panel Monitor (ENTER 19 INCH HDMI L...,"₹2,793",48.26,Trendy ENTER HDMI LED MONITOR,4
"ZEBRONICS 81.28 cm (32 inch) Curved Quad HD VA Panel with 1500R Curvature, 300 Nits Brightness, HDR10,...","₹24,999",81.28,ZEBRONICS,No Rating
"Dyanora 68.58 cm (27 inch) Full HD VA Panel Anti-Glare Screen with Ultra Slim Bezel-Less Design, Free ...","₹8,999",68.58,Dyanora,4
"SAMSUNG M7 81.28 cm (32 inch) 4K Ultra HD VA Panel with Mouse & Keyboard Control, OTT Apps, IoT Hub, O...","₹32,799",81.28,SAMSUNG M7,4.4
"Lenovo 68.58 cm (27 inch) Full HD VA Panel with 300 nits brightness, 95% sRGB Gaming Monitor (G27e-20)","₹9,999",68.58,Lenovo,4.3
"ZEBRONICS 49.53 cm (19.5 inch) Full HD TN Panel with Slim & Glossy Design, Anti-Glare, Wall Mountable ...","₹4,599",49.53,ZEBRONICS,4
PHILIPS 60.45 cm (23.8 inch) Full HD Monitor (241V8/94),"₹6,999",60.45,PHILIPS,4.7
"HP Series 5 60.45 cm (23.8 inch) Full HD LED Backlit IPS Panel with On-screen controls, Anti-glare, Bu...","₹12,799",60.45,HP Series 5,4
"BenQ GW 80.01 cm (31.5 inch) Quad HD LED Backlit IPS Panel Height Adjustable, 99% Srgb, Eye Safe Certi...","₹31,490",80.01,BenQ GW,4.5
"LAPCARE 38.35 cm (15.1 inch) HD LED Backlit TN Panel with VGA & HDMI Port, Light Weight, Power Saver, ...","₹2,699",38.35,LAPCARE,3.7
"LG ULTRAGEAR 81.28 cm (32 inch) Quad HD LED Backlit VA Panel Gaming Monitor (165 Hz 1ms, FreeSync Prem...","₹26,400",81.28,LG ULTRAGEAR,4.7
"Acer 48.26 cm (19 inch) HD LED Backlit TN Panel with VGA & DVI Ports, TCO Certified Monitor (V196L)","₹9,195",48.26,Acer,4.3
"Lenovo D-Series 81.28 cm (32 inch) 4K Ultra HD LED Backlit VA Panel with 72% NTSC, 2XHDMI 2.0, DP 1.2,...","₹22,990",81.28,Lenovo D-Series,No Rating
Lenovo 46.99 cm (18.5 inch) Full HD TN Panel Monitor (D19-10),"₹5,058",46.99,Lenovo,4.2
ASUS TUF 68.58 cm (27 inch) WQHD IPS Panel Gaming Monitor (TUF VG27AQL1A),"₹33,499",68.58,ASUS TUF,4.5
SAMSUNG 48.26 cm (19 inch) HD VA Panel Monitor (LS19A330NHWXXL),"₹6,389",48.26,SAMSUNG,3.4
HP G5 60.45 cm (23.8 inch) Full HD VA Panel Monitor (V24v),"₹8,899",60.45,HP G5,4.6
Enter 48.26 cm (19 inch) HD TN Panel Monitor (19 inch HD LED Monitor),"₹2,799",48.26,Enter,3.9
ZEBSTER Z-GV219(48.2cm) 48.26 cm (19 inch) HD LED Backlit VA Panel Monitor (Z-GV219(48.2cm) 19 Inch),"₹3,590",48.26,ZEBSTER Z-GV219(48.2cm),No Rating
DELL 60.96 cm (24 inch) HD Monitor (E2422HS - Full HD (1920 x 1080) LED Backlit Monitor - IPS Panel - ...,"₹13,101",60.96,DELL,4.4
"Lenovo G-Series 68.58 cm (27 inch) Full HD LED Backlit VA Panel with 99% sRGB, 3WX2 Speakers, 2XHDMI 2...","₹15,599",68.58,Lenovo G-Series,3.7
"SAMSUNG ViewFinity S7 68.58 cm (27 inch) 4K Ultra HD IPS Panel with 1.07 billion colors, HDR10, Easy S...","₹25,899",68.58,SAMSUNG ViewFinity S7,4.1
FINGERS Satin 54.48 cm (21.45 inch) Full HD LED Backlit VA Panel Monitor (The Big Picture),"₹6,499",54.48,FINGERS Satin,4
DELL 60.96 cm (24 inch) Full HD IPS Panel Monitor (U2424HE),"₹21,999",60.96,DELL,No Rating
Enter 48.26 cm (19 inch) HD LED Backlit Gaming Monitor (E-M0-A01),"₹2,689",48.26,Enter,3.8
"SAMSUNG M5 81.28 cm (32 inch) Full HD LED Backlit VA Panel with embedded TV Apps, PC-less productivity...","₹19,499",81.28,SAMSUNG M5,4.3
BenQ MOBIUZ 68.58 cm (27 inch) Curved Quad HD LED Backlit VA Panel VESA DisplayHDR400 with Remote-1000...,"₹31,990",68.58,BenQ MOBIUZ,4.7
Acer 68.58 cm (27 inch) Full HD LED Backlit IPS Panel Monitor (KA270 E),"₹9,999",68.58,Acer,4.7
Acer Vero Series 68.58 cm (27 inch) Full HD LED Backlit IPS Panel with Colorful Patterned Back Mood li...,"₹11,999",68.58,Acer Vero Series,4.4
"LG Ultra-Gear 68.58 cm (27 Inches) Full HD LED Backlit IPS Panel with Height Adjustable Stand, HDR 10,...","₹22,899",N/A,N/A,4
Cooler Master 68.58 cm (27 inch) Full HD IPS Panel Gaming Monitor (GA2701S),"₹10,999",68.58,Cooler Master,No Rating
Intex 54.61 cm (21.5 inch) HD LED Backlit VA Panel Monitor (IT-2401),"₹5,579",54.61,Intex,3.7
"MSI Optix 68.58 cm (27 inch) WQHD IPS Panel MSI Optix MAG274QRF-QD Esports Gaming Monitor - 27"" WQHD(2...","₹26,990",68.58,MSI Optix,4.5
Acer 68.58 cm (27 inch) Full HD LED Backlit IPS Panel White Colour Monitor (HA270),"₹8,999",68.58,Acer,4.4
BenQ GW 68.58 cm (27 inch) Full HD LED Backlit IPS Panel Ultra-Slim Bezel Monitor with Height Adjustme...,"₹17,990",68.58,BenQ GW,4.3
"LG 80.01 cm (31.5 inch) Full HD IPS Panel with webOS, Apple AirPlay 2, HomeKit compatibility, 5Wx2 spe...","₹18,999",80.01,LG,4.4
"ViewSonic VA Series 60.45 cm (23.8 inch) Full HD LED Backlit VA Panel White colour, Frameless Monitor ...","₹9,999",60.45,ViewSonic VA Series,4.1
FINGERS Satin 60.45 cm (23.8 inch) Full HD LED Backlit VA Panel Monitor (The Big Picture),"₹8,299",60.45,FINGERS Satin,4
DELL P-Series 68.58 cm (27 inch) 4K Ultra HD LED Backlit IPS Panel Monitor (P2723QE),"₹33,999",68.58,DELL P-Series,No Rating
Acer 49.53 cm (19.5 inch) HD+ LED Backlit TN Panel Monitor (K202Q),"₹6,299",49.53,Acer,No Rating
"SAMSUNG M7 81.28 cm (32 inch) 4K Ultra HD VA Panel with Mouse & Keyboard Control, OTT Apps, IoT Hub, O...","₹32,299",81.28,SAMSUNG M7,4.4
"SAMSUNG Odyssey G3 68.58 cm (27 inch) Full HD LED Backlit VA Panel with DP, HDMI, Height/Tilt/Pivot Ad...","₹15,899",68.58,SAMSUNG Odyssey G3,No Rating
Enter HDMI and VGA LED 50.8 cm (20 inch) Full HD Monitor (20 inch),"₹3,200",50.8,Enter HDMI and VGA LED,3.6
ViewSonic 81.28 cm (32 inch) Full HD IPS Panel Monitor (VA3209-MH),"₹13,999",81.28,ViewSonic,No Rating
HP 59.94 cm (23.6 inch) Curved Full HD LED Backlit VA Panel Gaming Monitor (X24c),"₹18,172",59.94,HP,4.5
"GIGABYTE 68.58 cm (27 Inch) Quad HD LED Backlit IPS Panel with VESA Display HDR 400, 92% DCI-P3, 2560 ...","₹25,999",N/A,N/A,4.6
HP 5 Series 527SF 68.58 cm (27 inch) Full HD LED Backlit IPS Panel Ultra Slim Bezel Monitor (M27f),"₹15,500",68.58,HP 5 Series 527SF,4.2
"BenQ PD 68.58 cm (27 inch) Quad HD LED Backlit IPS Panel HDR10, 100% Rec709, 100% sRGB, Pantone Valida...","₹29,250",68.58,BenQ PD,4.3
DELL 68.58 cm (27 inch) Full HD Monitor (E2720HS),"₹14,799",68.58,DELL,4.4
MarQ by Flipkart 55.88 cm (22 inch) Full HD LED Backlit VA Panel with 2 X 3W Inbuilt Speakers Monitor ...,"₹5,899",55.88,MarQ by Flipkart,4.3
PHILIPS 54.61 cm (21.5 Inch) Full HD VA Panel Monitor (222V8LA/94 22 inch VA Panel LCD Monitor with Fu...,"₹7,490",N/A,N/A,4.3
HP 60.45 cm (23.8 inch) Full HD LED Backlit IPS Panel Gaming Monitor (X24ih),"₹13,999",60.45,HP,4.3
Lenovo 60.45 cm (23.8 Inch) Quad HD IPS Panel Monitor (L24q-35),"₹15,999",N/A,N/A,4.8
"SAMSUNG ViewFinity S7 81.28 cm (32 inch) 4K Ultra HD VA Panel with 1.07 billion colors, HDR10, Easy Se...","₹29,499",81.28,SAMSUNG ViewFinity S7,4.1
"DELL 81.28 cm (32 inch) 4K Ultra HD LED Backlit IPS Panel with HDMI 2.1, Mini DisplayPort 2.1, 2 x Thu...","₹1,89,899",81.28,DELL,No Rating
Enter 50.8 cm (20 inch) HD VA Panel Gaming Monitor (20 INCH HDMI),"₹2,999",50.8,Enter,4
"Acer EB1 80.01 cm (31.5 inch) Full HD LED Backlit IPS Panel with Tilt Screen, HDMI, VGA Ports, Eye Car...","₹11,999",80.01,Acer EB1,4.2
Frontech Ultima Series 60.96 cm (24 inch) Full HD LED Backlit IPS Panel Monitor (MON-0075),"₹9,999",60.96,Frontech Ultima Series,No Rating
"LG Led-Monitor 54.61 cm (21.5 inch) Full HD LED Backlit VA Panel with OnScreen Control, Reader Mode, F...","₹6,449",54.61,LG Led-Monitor,4.1
"LG 68.58 cm (27 inch) Full HD IPS Panel with Vga, Hdmi, Display Port Monitor (27MP60G-BB.ATRZJSN)","₹11,299",68.58,LG,3.3
ASUS 68.58 cm (27 inch) Full HD LED Backlit IPS Panel Gaming Monitor (VZ279HEG1R),"₹17,999",68.58,ASUS,No Rating
"LG 80.01 cm (31.5 inch) Quad HD IPS Panel with HDR10, sRGB 99%, Color Calibrated, Flicker Safe, Height...","₹25,800",80.01,LG,3.9
"Lenovo G-Series 81.28 cm (32 inch) Curved Quad HD LED Backlit VA Panel with 99% sRGB, 2XHDMI 2.0, DP, ...","₹23,199",81.28,Lenovo G-Series,5
"SAMSUNG M7 81.28 cm (32 inch) 4K Ultra HD VA Panel with USB Type-C Port, Multiple Voice Assistants, em...","₹27,699",81.28,SAMSUNG M7,4.4
ZEBRONICS 68.58 cm (27 inch) Full HD LED Backlit VA Panel Wall Mountable Slim Gaming Monitor (ZEB A27F...,"₹11,999",68.58,ZEBRONICS,4
Acer Nitro 68.58 cm (27 inch) Full HD LED Backlit VA Panel Monitor (QG271),"₹11,999",68.58,Acer Nitro,4.3
Acer Predator 107.95 cm (42.5 inch) 4K Ultra HD LED Backlit IPS Panel Gaming Monitor (PREDATOR CG437K),"₹71,370",107.95,Acer Predator,3.7
Dyanora 55.88 cm (22 inch) Full HD IPS Panel Monitor (22 inch White Full HD IPS Panel Monitor (Adaptiv...,"₹5,699",55.88,Dyanora,No Rating
LG ULTRAGEAR GAMING 60.96 cm (24 inch) Full HD LED Backlit IPS Panel Gaming Monitor ((24GN65R)- 1920x1...,"₹13,709",60.96,LG ULTRAGEAR GAMING,4.4
ViewSonic VX Series 80.01 cm (31.5 inch) 4K Ultra HD LED Backlit VA Panel Dual Speakers Monitor (VX321...,"₹27,499",80.01,ViewSonic VX Series,4.3
"SAMSUNG M5 68.58 cm (27 inch) Full HD VA Panel with embedded TV Apps, PC-less productivity with Samsun...","₹18,498",68.58,SAMSUNG M5,4.3
"SAMSUNG 68.58 cm (27 inch) 4K Ultra HD LED Backlit IPS Panel with Height Adjustable Stand, HDR10, Anti...","₹28,199",68.58,SAMSUNG,4.6
Acer 68.58 cm (27 inch) Full HD LED Backlit IPS Panel Monitor (RS272),"₹11,999",68.58,Acer,4.6
"BenQ MOBIUZ 68.58 cm (27 inch) Full HD LED Backlit IPS Panel HDR with Height Adjustment, 99% sRGB, 400...","₹27,990",68.58,BenQ MOBIUZ,3.8
"MSI 60.96 cm (24 inch) Full HD IPS Panel with TUV Certified Eye Care Technology, VESA Mountable, Flick...","₹9,799",60.96,MSI,4.5
Frontech - 55.88 cm (22 inch) HD LED Backlit VA Panel Monitor (MON-0022),"₹3,445",55.88,Frontech -,3
"LG MK400 54.61 cm (21.5 inch) Full HD LED Backlit TN Panel with HDMI, DVI,VGA, Audio-IN Ports, Inbuilt...","₹9,999",54.61,LG MK400,4
"BenQ ZOWIE 60.96 cm (24 inch) Full HD LED Backlit TN Panel with Height Adjustment, 320nits, DyAc, Blac...","₹15,990",60.96,BenQ ZOWIE,4.2
"SAMSUNG Odyssey G5 81.28 cm (32 inch) UWQHD VA Panel with HDR10, Height Adjustable Stand, Flat Gaming ...","₹24,499",81.28,SAMSUNG Odyssey G5,4.4
"LG UltraGear 68.58 cm (27 inch) 4K Ultra HD IPS Panel with Display HDR400, Tilt/Swivel/Height Adjustab...","₹48,599",68.58,LG UltraGear,4
"SAMSUNG M8 81.28 cm (32 inch) 4K Ultra HD VA Panel with embedded TV Apps, Multiple Voice Assistants, S...","₹44,599",81.28,SAMSUNG M8,4.1
"DELL E-Series 68.58 cm (27 inch) Full HD LED Backlit IPS Panel with Tilt Adjustment, Slim Bezel, Eye C...","₹11,499",68.58,DELL E-Series,4.4
Enter 39.12 cm (15.4 inch) HD VA Panel Monitor (15.4 inch HD Monitor),"₹2,599",39.12,Enter,No Rating
DELL P-Series 60.96 cm (24 inch) Full HD IPS Panel Monitor (P2424HEB),"₹32,099",60.96,DELL P-Series,5
"DELL E-Series 55.88 cm (22 inch) HD LED Backlit TN Panel with 250 Nits Brightness (Typical), 3 Years W...","₹8,799",55.88,DELL E-Series,No Rating
ViewSonic 73.66 cm (29 inch) WFHD IPS Panel Gaming Monitor (VA2932-MHD),"₹15,499",73.66,ViewSonic,No Rating
DELL E-Series 55.88 cm (22 inch) Full HD LED Backlit TN Panel Monitor (E2221HN),"₹8,899",55.88,DELL E-Series,4.2
LG M39 49.53 cm (19.5 inch) HD LED Backlit TN Panel Monitor (20M39H),"₹5,499",49.53,LG M39,4.2
Acer Nitro 68.58 cm (27 inch) WQHD LED Backlit IPS Panel Gaming Monitor (XV272U F3),"₹29,999",68.58,Acer Nitro,4.9
Enter 39.12 cm (15.4 inch) HD LED Backlit Monitor (E-M0-AO8),"₹2,499",39.12,Enter,3.4
"SAMSUNG Odyssey G3 60.96 cm (24 inch) Full HD LED Backlit VA Panel with DP, HDMI, Height/Tilt/Pivot Ad...","₹12,599",60.96,SAMSUNG Odyssey G3,No Rating
LG 152.25 cm (59.94 cm (24 inch) LED Display) Full HD TN Panel Gaming Monitor (24GL600F),"₹11,999",59.94,LG 152.25 cm (,4.3
"SAMSUNG Odyssey Neo G8 81.28 cm (32 inch) Curved 4K Ultra HD VA Panel with Height Adjustable Stand, Qu...","₹82,999",81.28,SAMSUNG Odyssey Neo G8,4.8
"HP G-Series 60.45 cm (23.8 inch) Full HD LED Backlit IPS Panel with On-Screen Controls, Low Blue Light...","₹9,499",60.45,HP G-Series,4.5
"SAMSUNG M7 81.28 cm (32 inch) 4K Ultra HD VA Panel with USB Type-C Port, Multiple Voice Assistants, em...","₹30,699",81.28,SAMSUNG M7,4.4
"BenQ 80.01 cm (31.5 inch) 4K Ultra HD LED Backlit VA Panel Premium HDR10 Bezel-Less, Anti-Glare, Brigh...","₹27,490",80.01,BenQ,4.3
"GIGABYTE 120.73 cm (47.53 inch) 4K Ultra HD with DisplayPort 1.4, USB Type-C, Built-in Space Audio, 38...","₹91,620",120.73,GIGABYTE,No Rating
DELL Gaming 60.96 cm (24 inch) Full HD LED Backlit TN Panel Height Adjustable | Tilt Adjustment | Swiv...,"₹15,299",60.96,DELL Gaming,4.4
LG 68.58 cm (27 inch) Full HD LED Backlit IPS Panel White Colour Monitor (27MP89HM),"₹17,093",68.58,LG,4.4
iball Bird iC27 68.58 cm (27 inch) HD IPS Panel Monitor (Bird iC27),"₹9,699",68.58,iball Bird iC27,No Rating
Lenovo 62.23 cm (24.5 Inch) Full HD TN Panel Ultra Slim Bezel Gaming Monitor (G25-10),"₹13,999",N/A,N/A,4.4
MSI 62.23 cm (24.5 inch) Full HD IPS Panel Monitor (PRO MP251),"₹8,899",62.23,MSI,No Rating
rionix Enter 39.12 cm (15.4 inch) HD TN Panel Monitor (E-MO-A05),"₹2,399",39.12,rionix Enter,3.4
Lenovo 80.01 cm (31.5 inch) 4K Ultra HD IPS Panel Monitor (L32p-30),"₹31,499",80.01,Lenovo,5
"SAMSUNG 68.58 cm (27 inch) Full HD VA Panel with HAS,3-sided borderless display, eye-saver mode, Premi...","₹13,999",68.58,SAMSUNG,4.4
"LAPCARE 60.45 cm (23.8 inch) Full HD LED Backlit IPS Panel with Metal Stand, VGA & HDMI Port, Light We...","₹7,199",60.45,LAPCARE,3.5
"studynlearn 55 Inch Interactive Flat Panel Multitouch Screen Display 4 GB RAM | 32 GB ROM, 3 Years War...","₹68,990",N/A,N/A,4.7
"Acer XZ6 Series 97.79 cm (38.5 inch) Curved WQHD LED Backlit VA Panel with VESA DisplayHDR 400, DCI-P3...","₹45,999",97.79,Acer XZ6 Series,4.3
Enter 38.1 cm (15 inch) HD Monitor (15.4 inch HD LED Backlit Monitor),"₹2,499",38.1,Enter,3.7
LG 86.36 cm (34 inch) Quad HD IPS Panel Monitor (34WN780-BM.ATRDMSN),"₹42,200",86.36,LG,5
Enter 39.12 cm (15.4 inch) HD LED Backlit Monitor (E-MO-A07),"₹2,456",39.12,Enter,3.7
DELL E-Series 60.96 cm (24 inch) Full HD LED Backlit VA Panel Monitor (E2423H),"₹8,999",60.96,DELL E-Series,No Rating
"LG Ultra Fine Monitor 81.28 cm (32 inch) 4K Ultra HD LED Backlit VA Panel with USB-C Connectivity, HDR...","₹31,399",81.28,LG Ultra Fine Monitor,3.9
SAMSUNG 60.96 cm (24 Inch) Full HD IPS Panel Monitor (LS27B610EQWXXL),"₹18,299",N/A,N/A,No Rating
"DELL P Series 60.96 cm (24 inch) Full HD LED Backlit IPS Panel Monitor (P2422HE USB-C Hub, HDMI, DP, U...","₹16,999",60.96,DELL P Series,3.1
"ViewSonic VX2776-SH 68.58 cm (27 inch) Full HD LED Backlit IPS Panel Monitor (Frameless Bezel, 75Hz, F...","₹12,599",68.58,ViewSonic VX2776-SH,4.8
Frontech Ultima Series 68.58 cm (27 inch) Curved Full HD LED Backlit VA Panel Monitor (MON-0053C),"₹9,999",68.58,Frontech Ultima Series,No Rating
"HP 50.8 cm (20 inch) HD+ LED Backlit TN Panel with On-screen controls, Anti-glare, 200 nits brightness...","₹6,199",50.8,HP,3.8
GEONIX 55.88 cm (22 inch) Full HD IPS Panel Monitor (GXTFT22BL),"₹5,999",55.88,GEONIX,No Rating
Enter 43.94 cm (17.3 inch) HD LED Backlit Monitor (EN-E-MO-A04),"₹3,838",43.94,Enter,3.3
GIGABYTE 68.58 cm (27 inch) Full HD IPS Panel Monitor (G27F 2),"₹18,300",68.58,GIGABYTE,No Rating
DELL 54.61 cm (21.5 inch) Full HD Monitor (E2216HV),"₹13,829",54.61,DELL,3.9
SECUREYE 48.26 cm (19 inch) HD Monitor (SE-MON-20H),"₹8,100",48.26,SECUREYE,No Rating
"MSI 63.5 cm (25 inch) Full HD IPS Panel with Anti-Flicker, Wide Color Gamut and Less Blue Light Gaming...","₹9,999",63.5,MSI,3.2
Lenovo D - Series 54.48 cm (21.45 inch) Full HD LED Backlit VA Panel Monitor (D22e-20),"₹7,399",54.48,Lenovo D - Series,4.3
zebion Crista 55.88 cm (22 inch) HD LED Backlit IPS Panel Monitor (1920x1080 Pixel with Max Resolution...,"₹6,199",55.88,zebion Crista,No Rating
Enter 43.43 cm (17.1 inch) HD LED Backlit Monitor (E-M0-A02),"₹2,599",43.43,Enter,3.7
Acer 59.94 cm (23.6 inch) Curved Full HD LED Backlit VA Panel Gaming Monitor (ED242QRA),"₹15,040",59.94,Acer,4.2
ViewSonic 60.96 cm (24 inch) Full HD IPS Panel Monitor (VA2432-H-W),"₹8,799",60.96,ViewSonic,3.7
FINGERS 68.58 cm (27 inch) Full HD IPS Panel Monitor (Satin-2722),"₹11,499",68.58,FINGERS,No Rating
HP 55.88 cm (22 inch) Full HD VA Panel Monitor (V22v FHD Monitor),"₹7,999",55.88,HP,4.3
AOC 60.45 cm (23.8 inch) Full HD IPS Panel Monitor (24B1XHS),"₹11,049",60.45,AOC,4.4
iVoomi 48.26 cm (19 inch) HD Monitor (IV-L1901HDS),"₹3,199",48.26,iVoomi,No Rating
"ASUS ZenScreen 39.62 cm (15.6 inch) WXGA TN Panel with Narrow Bezel, Micro USB, USB-Powered, Tripod Mo...","₹16,699",39.62,ASUS ZenScreen,3.1
AOC 60.45 cm (23.8 Inch) Full HD IPS Panel Gaming Monitor (24G2E5),"₹11,699",N/A,N/A,4.4
ASUS ROG 80.01 cm (31.5 inch) Curved WQHD LED Backlit VA Panel Gaming Monitor (ROG Strix XG32VC),"₹53,199",80.01,ASUS ROG,No Rating
LG UltraGear 120.9 cm (47.6 inch) 4K Ultra HD OLED Panel Gaming Monitor (48GQ900-BB.ATROMPN),"₹1,16,999",120.9,LG UltraGear,No Rating
"DELL AW-Series 68.58 cm (27 inch) WQHD LED Backlit IPS Panel with Vesa Certified HDR 600, Height, Tilt...","₹1,09,399",68.58,DELL AW-Series,No Rating
"SAMSUNG ViewFinity S8 68.58 cm (27 inch) 4K Ultra HD IPS Panel with USB Type-C, LAN Port, DP, HDR10, K...","₹32,799",68.58,SAMSUNG ViewFinity S8,4.6
"Acer Nitro ED0 80.01 cm (31.5 inch) Curved Full HD LED Backlit VA Panel with 1500R Curvature, 2X2W Inb...","₹14,999",80.01,Acer Nitro ED0,3.8
"SAMSUNG 68.58 cm (27 inch) 4K Ultra HD LED Backlit IPS Panel with HDR10, Wide Viewing Angle, Borderles...","₹25,699",68.58,SAMSUNG,4.1
Enter 39.12 cm (15.4 inch) HD VA Panel Monitor (HD LED Backlit Monitor with HDMI & VGA),"₹2,450",39.12,Enter,No Rating
Acer UT222Q 54.61 cm (21.5 inch) Full HD LED Backlit IPS Panel Monitor (UT222Q 21.5 Inch Full HD IPS 1...,"₹19,999",54.61,Acer UT222Q,3.9
AOC 54.61 cm (21.5 Inch) Full HD VA Panel Monitor (22B2HN 21.5 inch Ultra Slim Full HD monitor with Ad...,"₹7,499",N/A,N/A,4.2
Enter 39.12 cm (15.4 inch) HD Monitor (E-M16HB),"₹2,480",39.12,Enter,3.5
Acer 54.61 cm (21.5 inch) Full HD LED Backlit IPS Panel Monitor (V227Q E3),"₹7,299",54.61,Acer,3.8
"BenQ PD 63.5 cm (25 inch) Quad HD LED Backlit IPS Panel HDR10, 95%P3, 100% Rec709, 100% sRGB, Pantone ...","₹24,990",63.5,BenQ PD,4.3
ViewSonic VX2728-J 68.58 cm (27 inch) Full HD IPS Panel Monitor (VX2728-J),"₹14,599",68.58,ViewSonic VX2728-J,No Rating
Enter 39.12 cm (15.4 inch) SXGA Monitor (HDMI led Monitor),"₹2,499",39.12,Enter,4
Lenovo 80.01 cm (31.5 inch) UHD IPS Panel Monitor (ThinkVision T32p-20),"₹48,999",80.01,Lenovo,No Rating
DELL E-Series 68.58 cm (27 inch) Full HD LED Backlit VA Panel Monitor (E2724HS),"₹13,099",68.58,DELL E-Series,No Rating
iball Bird i24 60.45 cm (23.8 inch) HD IPS Panel Monitor (Bird i24),"₹7,699",60.45,iball Bird i24,No Rating
AOC 54.61 cm (21.5 inch) Full HD IPS Panel Monitor (E2270SWHN),"₹6,999",54.61,AOC,4
"LG UltraGear 68.58 cm (27 inch) Quad HD IPS Panel with VESA Display HDR400, HDMI, Nvidia G-Sync Compat...","₹31,499",68.58,LG UltraGear,4.7
iVoomi 60.96 cm (24 inch) Full HD LED Backlit Monitor (IV-L1901HDF),"₹5,999",60.96,iVoomi,No Rating
"HP G-Series 68.58 cm (27 inch) Full HD LED Backlit IPS Panel with On-Screen Controls, Low Blue Light M...","₹12,099",68.58,HP G-Series,4.5
BenQ MOBIUZ 68.58 cm (27 inch) Quad HD LED Backlit IPS Panel VESA DisplayHDR600 with Remote-PS5/Xbox X...,"₹57,990",68.58,BenQ MOBIUZ,No Rating
GEONIX 60.96 cm (24 inch) Full HD LED Backlit IPS Panel Monitor (GXTF-WVHDF24),"₹6,470",60.96,GEONIX,No Rating
"BenQ PD 63.5 cm (25 inch) Quad HD LED Backlit IPS Panel HDR10, 95%P3, 100% Rec709, 100% sRGB, Pantone ...","₹29,250",63.5,BenQ PD,4.3
AOC 54.61 cm (21.5 inch) Full HD Monitor (22B2HM),"₹9,999",54.61,AOC,4.6
LG 46.99 cm (18.5 inch) HD LED Backlit TN Panel Monitor (19M38H),"₹6,250",46.99,LG,4.2
ViewSonic ViewSonic VX2428-J 60.96 cm (24 inch) Full HD IPS Panel Gaming Monitor (VX2428-J),"₹12,499",60.96,ViewSonic ViewSonic VX2428-J,No Rating
Enter HD 39.12 cm (15.4 inch) HD VA Panel Monitor (E-MO-A06),"₹2,500",39.12,Enter HD,3
iVoomi 55.88 cm (22 inch) Full HD LED Backlit IPS Panel Monitor (IV-L2003AHD),"₹7,109",55.88,iVoomi,No Rating
Enter 39.12 cm (15.4 inch) HD Monitor (15.4 inch HD LED Backlit Monitor with HDMI & VGA (E-MO-A06)),"₹2,490",39.12,Enter,3.8
SAMSUNG 68.58 cm (27 inch) Curved Full HD VA Panel Gaming Monitor (LC27R500FHWXXL),"₹12,198",68.58,SAMSUNG,4.2
SAMSUNG 68.58 cm (27 inch) Quad HD IPS Panel Gaming Monitor (LS27B610EQWXXL),"₹19,498",68.58,SAMSUNG,4.8
Lenovo 60.45 cm (23.8 inch) Quad HD IPS Panel Monitor (Q24h-10),"₹20,699",60.45,Lenovo,No Rating
LG 81.28 cm (32 inch) Quad HD Gaming Monitor (32QN600-B 32-Inch QHD),"₹22,500",81.28,LG,No Rating
Enter 48.26 cm (19 inch) HD VA Panel Monitor (E-MO-A00),"₹2,890",48.26,Enter,No Rating
Acer 80.01 cm (31.5 inch) Curved Full HD LED Backlit VA Panel Gaming Monitor (ED320QRH),"₹14,999",80.01,Acer,No Rating
Acer 59.94 cm (23.6 inch) Full HD LED Backlit TN Panel Gaming Monitor (KG241Q/KG241QS),"₹12,099",59.94,Acer,4.3
"LG 68.58 cm (27 inch) Full HD LED Backlit IPS Panel with HDMI & DP Ports, Height Adjustable Stand Gami...","₹15,999",68.58,LG,4.4
LG 86.36 cm (34 inch) Curved Quad HD IPS Panel Monitor (34WQ75C-BL.ATRLMKN),"₹45,999",86.36,LG,No Rating
MSI 55.88 cm (22 inch) Full HD VA Panel Monitor (PRO MP223),"₹6,899",55.88,MSI,3.6
"SAMSUNG 60.96 cm (24 inch) Curved Full HD VA Panel with Game Mode, Low Input Lag, Eye Saver Mode & Fli...","₹17,499",60.96,SAMSUNG,4.4
"DELL Alienware 63.5 cm (25 inch) Full HD LED Backlit IPS Panel with Height, Tilt, Swivel Adjustable Ga...","₹37,999",63.5,DELL Alienware,5
"DELL P SERIES 60.96 cm (24 inch) Full HD LED Backlit IPS Panel Monitor ((P2425H, 99% sRGB,1x HDMI|1x D...","₹13,599",60.96,DELL P SERIES,No Rating
"DELL 60.96 cm (24 inch) Full HD LED Backlit IPS Panel with 99% sRGB Color Gamut, Flicker Free Technolo...","₹24,789",60.96,DELL,4
LG Ultra-Gear 68.58 cm (27 inches) Full HD LED Backlit VA Panel Gaming Monitor (27GQ50F-BD.CTRVMV),"₹13,999",N/A,N/A,4.6
ASUS ROG 60.45 cm (23.8 inch) Full HD TN Panel Gaming Monitor (XG248Q),"₹37,999",60.45,ASUS ROG,No Rating
FINGERS 68.58 cm (27 inch) Full HD IPS Panel Monitor (Satin-2722 With Adjustable Stand),"₹12,499",68.58,FINGERS,No Rating
Enter 39.12 cm (15.4 inch) SXGA Monitor (VGA led Monitor),"₹2,459",39.12,Enter,3.7
HP 68.58 cm (27 inch) Full HD LED Backlit Monitor (P27v),"₹18,761",68.58,HP,No Rating
LG 60.96 cm (24 inch) HD VA Panel TV Monitor Gaming Monitor (24SP410M),"₹11,999",60.96,LG,4.2
DELL S-Series 86.36 cm (34 inch) Curved WQHD LED Backlit VA Panel Gaming Monitor (S3422DWG),"₹58,568",86.36,DELL S-Series,4.6
ViewSonic 39.62 cm (15.6 Inch) Full HD LED Backlit IPS Panel with AudioVisual Extension for Mobiles & ...,"₹14,053",N/A,N/A,3.7
SAMSUNG 60.96 cm (24 inch) Full HD LED Backlit IPS Panel Gaming Monitor (LS24R650FDWXXL ( Full HD LED ...,"₹13,398",60.96,SAMSUNG,4
SAMSUNG 60.96 cm (24 inch) Full HD LED Backlit VA Panel Monitor (LS24A314NHWXXL),"₹7,999",60.96,SAMSUNG,4.4
ASUS TUF 68.58 cm (27 inch) Full HD LED Backlit IPS Panel Gaming Monitor (VG279QR),"₹20,599",68.58,ASUS TUF,4.5
FINGERS 60.48 cm (23.81 inch) Curved Full HD VA Panel Monitor (Satin-Curve-2421),"₹8,799",60.48,FINGERS,No Rating
LG 46.99 cm (18.5 inch) HD LED Backlit TN Panel Monitor (19M38HB-B.BTRS),"₹5,199",46.99,LG,4.2
MSI 68.58 cm (27 inch) 4K Ultra HD IPS Panel Monitor (MD271UL),"₹27,999",68.58,MSI,No Rating
BenQ GL 60.96 cm (24 inch) Full HD LED Backlit TN Panel Monitor (GL2480),"₹9,750",60.96,BenQ GL,4.5
"MSI 80.01 cm (31.5 inch) Curved Full HD VA Panel with HDR Ready, Anti-Flicker, Less Blue Light Gaming ...","₹24,999",80.01,MSI,No Rating
AOC 59.94 cm (23.6 inch) Curved Full HD IPS Panel Gaming Monitor (C24G1),"₹18,999",59.94,AOC,4.4
SAMSUNG 60.96 cm (24 inch) Full HD LED Backlit VA Panel Gaming Monitor (LS24AG300NWXXL),"₹11,899",60.96,SAMSUNG,4.7
"LG Ultra-Fine 80.01 cm (31.5 Inches) 4K Ultra HD LED Backlit IPS Panel with OnScreen Control, Dual Con...","₹30,599",N/A,N/A,4.7
rionix ENTER 48.26 cm (19 inch) HD LED Backlit TN Panel Monitor (ENTER 19 inch HDMI),"₹2,850",48.26,rionix ENTER,3.5
"studynlearn 75-Inch Interactive Flat Panel Multitouch Screen Display, Android 13, 4 GB RAM | 32 GB ROM...","₹1,27,500",N/A,N/A,No Rating
"ViewSonic VP Series 68.58 cm (27 inch) 4K Ultra HD LED Backlit IPS Panel Extensive color palette, Pivo...","₹41,999",68.58,ViewSonic VP Series,3.3
"SAMSUNG ViewFinity S6 81.28 cm (32 inch) Quad HD IPS Panel with 1.07 billion colors, HDR10, Multiple P...","₹26,599",81.28,SAMSUNG ViewFinity S6,4.4
SAMSUNG 60.96 cm (24 inch) HD LED Backlit VA Panel Monitor (LS24R39MHAWXXL),"₹10,499",60.96,SAMSUNG,3.9
"LG 81.28 cm (32 inch) 4K Ultra HD VA Panel with Height/Tilt Adjustable Stand, Display Port, VESA Displ...","₹39,000",81.28,LG,4.5
Lenovo ThinkVision 86.36 cm (34 inch) Curved WQHD LED Backlit VA Panel Monitor (ThinkVision T34w-30),"₹58,999",86.36,Lenovo ThinkVision,No Rating
Acer EB1 203.2 cm (80 cm) WQHD LED Backlit IPS Panel Monitor (EB321HQU Cbidpx),"₹21,999",N/A,N/A,4.5
GEONIX 46.99 cm (18.5 inch) HD TN Panel Monitor (GXTF-WVHDF185),"₹2,600",46.99,GEONIX,No Rating
AOC 59.94 cm (23.6 inch) Curved Full HD VA Panel Monitor (C24B1H),"₹18,990",59.94,AOC,4.6
Frontech - 50.8 cm (20 inch) HD LED Backlit VA Panel Monitor (MON-0074),"₹3,154",50.8,Frontech -,No Rating
"BenQ 68.58 cm (27 inch) Full HD LED Backlit TN Panel Height Adjustment, Anti Glare Screen, Pivot Adjus...","₹26,299",68.58,BenQ,No Rating
ASUS Eyecare 60.45 cm (23.8 inch) Full HD LED Backlit IPS Panel with TUV Certified Flicker Free & Low ...,"₹12,555",60.45,ASUS Eyecare,4.5
"ASIATOUCH 190.5 cm (75 inch) 4K Ultra HD IPS Panel Monitor (Interactive Flat Panel, 4mm Antiglare Toug...","₹1,05,999",190.5,ASIATOUCH,No Rating
ViewSonic VG Series 39.62 cm (15.6 inch) Full HD IPS Panel Portable Monitor (VG1655),"₹21,999",39.62,ViewSonic VG Series,4.3
"HP 68.58 cm (27 inch) Quad HD IPS Panel with 99% sRGB, On-screen controls, Anti-glare, Height Adjust/T...","₹45,699",68.58,HP,No Rating
"GIGABYTE 68.58 cm (27 Inch) Quad HD LED Backlit IPS Panel with 92% DCI-P3, HDR Ready, 2560 X 1440 Disp...","₹30,499",N/A,N/A,4.8
DELL ULTRASHARP 60.96 cm (24 inch) Full HD LED Backlit IPS Panel Monitor (UltraSharp 24 Monitor � U242...,"₹49,900",60.96,DELL ULTRASHARP,No Rating
"MSI 68.58 cm (27 inch) Curved WQHD VA Panel Anti Flicker, Low Blue Light, HDR Ready Gaming Monitor (G2...","₹23,999",68.58,MSI,4.1
MarQ by Flipkart 81.28 cm (32 inch) Full HD LED Backlit VA Panel Gaming Monitor (32FHDMMQTT9G),"₹13,899",81.28,MarQ by Flipkart,No Rating
ViewSonic 68.58 cm (27 inch) 4K Ultra HD IPS Panel Monitor (VX2762U-4K),"₹27,699",68.58,ViewSonic,3.6
HP 86.36 cm (34 inch) Curved WQHD IPS Panel Monitor (34f Curved Display),"₹57,569",86.36,HP,No Rating
"ViewSonic 40.64 cm (16 inch) Full HD LED Backlit TN Panel Touch compatible, ergonomic design Monitor (...","₹21,999",40.64,ViewSonic,4.3
"DELL D-SERIES 49.53 cm (19.5 inch) HD LED Backlit TN Panel Monitor (19.5"" D2020H Resolution (1600 x 90...","₹6,990",49.53,DELL D-SERIES,4.5
MSI 86.36 cm (34 inch) Curved Quad HD LED Backlit VA Panel MSI Optix Mag342Cqr 34 Inch (86.36 cm) Curv...,"₹37,999",86.36,MSI,4.4
"MSI 60.96 cm (24 inch) Full HD LED Backlit IPS Panel ( In-Built Speakers, 75 Hz refresh rate), TypeC, ...","₹16,699",60.96,MSI,4.6
SAMSUNG 60.96 cm (24 inch) Full HD IPS Panel Monitor (LS24R650FDWXXL),"₹13,398",60.96,SAMSUNG,4
MSI 55.88 cm (22 inch) Full HD IPS Panel Monitor (PRO MP225),"₹8,999",55.88,MSI,No Rating
"ViewSonic 60.96 cm (24 inch) Full HD IPS Panel with HDR10, 104 sRGB, Eye Care, Wall Mount, Tilt, 2 x H...","₹12,499",60.96,ViewSonic,4.5
"HP Series 5 80.01 cm (31.5 inch) Full HD LED Backlit VA Panel with On-screen controls, Anti-glare, 300...","₹22,699",80.01,HP Series 5,No Rating
"BenQ 70.87 cm (27.9 inch) 4K Ultra HD LED Backlit TN Panel Built-In Speakers, High Dynamic Range Monit...","₹23,990",70.87,BenQ,4
SAMSUNG 81.28 cm (32 inch) 4K Ultra HD VA Panel Monitor (LS32A700NWWXXL),"₹26,099",81.28,SAMSUNG,4.1
LG 32SR50F-W MyView Smart Monitor WITH WEB OS 81.28 cm (32 inch) Full HD LED Backlit IPS Panel Monitor...,"₹19,900",81.28,LG 32SR50F-W MyView Smart Monitor WITH WEB OS,No Rating
Enter 48.26 cm (19 inch) HD VA Panel Monitor (HD VGA & HDMA E-MO-A01 LED Monitor),"₹2,870",48.26,Enter,No Rating
"studynlearn 86-Inch Interactive Flat Panel Multitouch Screen Display, Android 13, 4 GB RAM | 32 GB ROM...","₹1,57,500",N/A,N/A,No Rating
ZEBRONICS 48.26 cm (19 inch) HD TN Panel Monitor (ZEB-ZE19HD ZEBSTER),"₹5,300",48.26,ZEBRONICS,No Rating
ASUS ROG 80.01 cm (31.5 inch) Curved WQHD LED Backlit VA Panel Gaming Monitor (XG32VC),"₹59,999",80.01,ASUS ROG,No Rating
DELL 54.61 cm (21.5 inch) Full HD VA Panel Monitor (P2217H),"₹22,950",54.61,DELL,4.5
